{
    "name": "root",
    "gauges": {
        "Player.Policy.Entropy.mean": {
            "value": 0.06502973288297653,
            "min": 0.0644076019525528,
            "max": 0.07232221961021423,
            "count": 3
        },
        "Player.Policy.Entropy.sum": {
            "value": 649.58203125,
            "min": 645.3641357421875,
            "max": 725.5364990234375,
            "count": 3
        },
        "Player.Environment.EpisodeLength.mean": {
            "value": 174.24561403508773,
            "min": 118.42857142857143,
            "max": 174.24561403508773,
            "count": 3
        },
        "Player.Environment.EpisodeLength.sum": {
            "value": 9932.0,
            "min": 9932.0,
            "max": 9948.0,
            "count": 3
        },
        "Player.Step.mean": {
            "value": 29983.0,
            "min": 9928.0,
            "max": 29983.0,
            "count": 3
        },
        "Player.Step.sum": {
            "value": 29983.0,
            "min": 9928.0,
            "max": 29983.0,
            "count": 3
        },
        "Player.Policy.ExtrinsicValueEstimate.mean": {
            "value": 174661552.0,
            "min": 174661552.0,
            "max": 229216704.0,
            "count": 3
        },
        "Player.Policy.ExtrinsicValueEstimate.sum": {
            "value": 18863448064.0,
            "min": 18863448064.0,
            "max": 26589136896.0,
            "count": 3
        },
        "Player.Environment.CumulativeReward.mean": {
            "value": 1169.5894764010843,
            "min": 702.9404761904761,
            "max": 1169.5894764010843,
            "count": 3
        },
        "Player.Environment.CumulativeReward.sum": {
            "value": 66666.60015486181,
            "min": 59047.0,
            "max": 66666.60015486181,
            "count": 3
        },
        "Player.Policy.ExtrinsicReward.mean": {
            "value": 1169.5894764010843,
            "min": 702.9404761904761,
            "max": 1169.5894764010843,
            "count": 3
        },
        "Player.Policy.ExtrinsicReward.sum": {
            "value": 66666.60015486181,
            "min": 59047.0,
            "max": 66666.60015486181,
            "count": 3
        },
        "Player.IsTraining.mean": {
            "value": 1.0,
            "min": 1.0,
            "max": 1.0,
            "count": 3
        },
        "Player.IsTraining.sum": {
            "value": 1.0,
            "min": 1.0,
            "max": 1.0,
            "count": 3
        },
        "Player.Losses.PolicyLoss.mean": {
            "value": 0.11183362104056868,
            "min": 0.11183362104056868,
            "max": 0.11183362104056868,
            "count": 1
        },
        "Player.Losses.PolicyLoss.sum": {
            "value": 0.11183362104056868,
            "min": 0.11183362104056868,
            "max": 0.11183362104056868,
            "count": 1
        },
        "Player.Losses.ValueLoss.mean": {
            "value": 1.055766915097559e+16,
            "min": 1.055766915097559e+16,
            "max": 1.055766915097559e+16,
            "count": 1
        },
        "Player.Losses.ValueLoss.sum": {
            "value": 1.055766915097559e+16,
            "min": 1.055766915097559e+16,
            "max": 1.055766915097559e+16,
            "count": 1
        },
        "Player.Policy.LearningRate.mean": {
            "value": 0.00010000000000000002,
            "min": 0.00010000000000000002,
            "max": 0.00010000000000000002,
            "count": 1
        },
        "Player.Policy.LearningRate.sum": {
            "value": 0.00010000000000000002,
            "min": 0.00010000000000000002,
            "max": 0.00010000000000000002,
            "count": 1
        },
        "Player.Policy.Epsilon.mean": {
            "value": 0.09999999999999999,
            "min": 0.09999999999999999,
            "max": 0.09999999999999999,
            "count": 1
        },
        "Player.Policy.Epsilon.sum": {
            "value": 0.09999999999999999,
            "min": 0.09999999999999999,
            "max": 0.09999999999999999,
            "count": 1
        },
        "Player.Policy.Beta.mean": {
            "value": 0.00010000000000000002,
            "min": 0.00010000000000000002,
            "max": 0.00010000000000000002,
            "count": 1
        },
        "Player.Policy.Beta.sum": {
            "value": 0.00010000000000000002,
            "min": 0.00010000000000000002,
            "max": 0.00010000000000000002,
            "count": 1
        }
    },
    "metadata": {
        "timer_format_version": "0.1.0",
        "start_time_seconds": "1744811053",
        "python_version": "3.10.11 (tags/v3.10.11:7d4cc5a, Apr  5 2023, 00:38:17) [MSC v.1929 64 bit (AMD64)]",
        "command_line_arguments": "C:\\Users\\Yuval\\Unity Projects\\2048-ml\\venv\\Scripts\\mlagents-learn config\\Player.yaml --run-id=run67",
        "mlagents_version": "1.1.0",
        "mlagents_envs_version": "1.1.0",
        "communication_protocol_version": "1.5.0",
        "pytorch_version": "2.2.2+cu121",
        "numpy_version": "1.23.5",
        "end_time_seconds": "1744811622"
    },
    "total": 569.3354569000076,
    "count": 1,
    "self": 0.005530000024009496,
    "children": {
        "run_training.setup": {
            "total": 0.11796039997716434,
            "count": 1,
            "self": 0.11796039997716434
        },
        "TrainerController.start_learning": {
            "total": 569.2119665000064,
            "count": 1,
            "self": 0.729935697367182,
            "children": {
                "TrainerController._reset_env": {
                    "total": 8.05547099999967,
                    "count": 1,
                    "self": 8.05547099999967
                },
                "TrainerController.advance": {
                    "total": 560.2377189026447,
                    "count": 37251,
                    "self": 0.6747118096100166,
                    "children": {
                        "env_step": {
                            "total": 549.5503408982186,
                            "count": 37251,
                            "self": 405.6247053963307,
                            "children": {
                                "SubprocessEnvManager._take_step": {
                                    "total": 143.43178690155037,
                                    "count": 37251,
                                    "self": 1.8696446006651968,
                                    "children": {
                                        "TorchPolicy.evaluate": {
                                            "total": 141.56214230088517,
                                            "count": 37251,
                                            "self": 141.56214230088517
                                        }
                                    }
                                },
                                "workers": {
                                    "total": 0.49384860033751465,
                                    "count": 37250,
                                    "self": 0.0,
                                    "children": {
                                        "worker_root": {
                                            "total": 557.5211761996034,
                                            "count": 37250,
                                            "is_parallel": true,
                                            "self": 189.21545729535865,
                                            "children": {
                                                "steps_from_proto": {
                                                    "total": 0.00040430002263747156,
                                                    "count": 1,
                                                    "is_parallel": true,
                                                    "self": 0.00021730002481490374,