{
    "name": "root",
    "gauges": {
        "Player.Policy.Entropy.mean": {
            "value": 0.06700413674116135,
            "min": 0.031505439430475235,
            "max": 0.26945632696151733,
            "count": 258
        },
        "Player.Policy.Entropy.sum": {
            "value": 668.4332885742188,
            "min": 314.518798828125,
            "max": 2690.251953125,
            "count": 258
        },
        "Player.Step.mean": {
            "value": 2579927.0,
            "min": 9952.0,
            "max": 2579927.0,
            "count": 258
        },
        "Player.Step.sum": {
            "value": 2579927.0,
            "min": 9952.0,
            "max": 2579927.0,
            "count": 258
        },
        "Player.Policy.ExtrinsicValueEstimate.mean": {
            "value": -118731.140625,
            "min": -14178320.0,
            "max": 143193296.0,
            "count": 258
        },
        "Player.Policy.ExtrinsicValueEstimate.sum": {
            "value": -20421756.0,
            "min": -7117516800.0,
            "max": 15524195328.0,
            "count": 258
        },
        "Player.Environment.EpisodeLength.mean": {
            "value": 66.91724137931034,
            "min": 15.843434343434344,
            "max": 209.3125,
            "count": 258
        },
        "Player.Environment.EpisodeLength.sum": {
            "value": 9703.0,
            "min": 9411.0,
            "max": 10103.0,
            "count": 258
        },
        "Player.Environment.CumulativeReward.mean": {
            "value": 363.771232914843,
            "min": 11.495286033410416,
            "max": 1481.7083333333333,
            "count": 258
        },
        "Player.Environment.CumulativeReward.sum": {
            "value": 53110.600005567074,
            "min": 6828.199903845787,
            "max": 71122.0,
            "count": 258
        },
        "Player.Policy.ExtrinsicReward.mean": {
            "value": 363.771232914843,
            "min": 11.495286033410416,
            "max": 1481.7083333333333,
            "count": 258
        },
        "Player.Policy.ExtrinsicReward.sum": {
            "value": 53110.600005567074,
            "min": 6828.199903845787,
            "max": 71122.0,
            "count": 258
        },
        "Player.IsTraining.mean": {
            "value": 1.0,
            "min": 1.0,
            "max": 1.0,
            "count": 258
        },
        "Player.IsTraining.sum": {
            "value": 1.0,
            "min": 1.0,
            "max": 1.0,
            "count": 258
        },
        "Player.Losses.PolicyLoss.mean": {
            "value": 0.049040407572465486,
            "min": 0.044305357869598085,
            "max": 0.2721266059204936,
            "count": 125
        },
        "Player.Losses.PolicyLoss.sum": {
            "value": 0.049040407572465486,
            "min": 0.044305357869598085,
            "max": 0.2721266059204936,
            "count": 125
        },
        "Player.Losses.ValueLoss.mean": {
            "value": 236802221312.0,
            "min": 213292871347.2,
            "max": 8550213985343898.0,
            "count": 125
        },
        "Player.Losses.ValueLoss.sum": {
            "value": 236802221312.0,
            "min": 213292871347.2,
            "max": 8550213985343898.0,
            "count": 125
        },
        "Player.Policy.LearningRate.mean": {
            "value": 0.00010000000000000002,
            "min": 0.00010000000000000002,
            "max": 0.00010000000000000002,
            "count": 125
        },
        "Player.Policy.LearningRate.sum": {
            "value": 0.00010000000000000002,
            "min": 0.00010000000000000002,
            "max": 0.00010000000000000002,
            "count": 125
        },
        "Player.Policy.Epsilon.mean": {
            "value": 0.09999999999999999,
            "min": 0.09999999999999999,
            "max": 0.09999999999999999,
            "count": 125
        },
        "Player.Policy.Epsilon.sum": {
            "value": 0.09999999999999999,
            "min": 0.09999999999999999,
            "max": 0.09999999999999999,
            "count": 125
        },
        "Player.Policy.Beta.mean": {
            "value": 0.00010000000000000002,
            "min": 0.00010000000000000002,
            "max": 0.00010000000000000002,
            "count": 125
        },
        "Player.Policy.Beta.sum": {
            "value": 0.00010000000000000002,
            "min": 0.00010000000000000002,
            "max": 0.00010000000000000002,
            "count": 125
        }
    },
    "metadata": {
        "timer_format_version": "0.1.0",
        "start_time_seconds": "1744785703",
        "python_version": "3.10.11 (tags/v3.10.11:7d4cc5a, Apr  5 2023, 00:38:17) [MSC v.1929 64 bit (AMD64)]",
        "command_line_arguments": "C:\\Users\\Yuval\\Unity Projects\\2048-ml\\venv\\Scripts\\mlagents-learn config\\Player.yaml --run-id=run66",
        "mlagents_version": "1.1.0",
        "mlagents_envs_version": "1.1.0",
        "communication_protocol_version": "1.5.0",
        "pytorch_version": "2.2.2+cu121",
        "numpy_version": "1.23.5",
        "end_time_seconds": "1744810525"
    },
    "total": 24821.2586229,
    "count": 1,
    "self": 0.005262899998342618,
    "children": {
        "run_training.setup": {
            "total": 0.07906650000950322,
            "count": 1,
            "self": 0.07906650000950322
        },
        "TrainerController.start_learning": {
            "total": 24821.174293499993,
            "count": 1,
            "self": 45.66663272253936,
            "children": {
                "TrainerController._reset_env": {
                    "total": 8.630569300003117,
                    "count": 1,
                    "self": 8.630569300003117
                },
                "TrainerController.advance": {
                    "total": 24766.746350277448,
                    "count": 2587135,
                    "self": 40.72952697685105,
                    "children": {
                        "env_step": {
                            "total": 23672.06499098192,
                            "count": 2587135,
                            "self": 13836.202577994147,
                            "children": {
                                "SubprocessEnvManager._take_step": {
                                    "total": 9804.357930589933,
                                    "count": 2587135,
                                    "self": 114.57605279237032,
                                    "children": {
                                        "TorchPolicy.evaluate": {
                                            "total": 9689.781877797563,
                                            "count": 2587135,
                                            "self": 9689.781877797563
                                        }
                                    }
                                },
                                "workers": {
                                    "total": 31.50448239783873,
                                    "count": 2587134,
                                    "self": 0.0,
                                    "children": {
                                        "worker_root": {
                                            "total": 24748.78128260112,
                                            "count": 2587134,
                                            "is_parallel": true,
                                            "self": 12904.75941682086,
                                            "children": {
                                                "steps_from_proto": {
                                                    "total": 0.0021661999926436692,
                                                    "count": 1,
                                                    "is_parallel": true,
                                                    "self": 0.00037239998346194625,