{"count":1,"self":12894.348083199999,"total":23720.3495865,"children":{"InitializeActuators":{"count":1,"self":0.0020615,"total":0.0020615,"children":null},"InitializeSensors":{"count":1,"self":0.0020005,"total":0.0020005,"children":null},"AgentSendState":{"count":47672486,"self":43.928678399999995,"total":752.2633243,"children":{"CollectObservations":{"count":1873048,"self":15.334432,"total":15.3344325,"children":null},"WriteActionMask":{"count":1873048,"self":644.60672,"total":644.60672949999991,"children":null},"RequestDecision":{"count":1873048,"self":13.0330856,"total":48.3934827,"children":{"AgentInfo.ToProto":{"count":1873048,"self":15.3952864,"total":35.3603971,"children":{"GenerateSensorData":{"count":1873048,"self":19.9651104,"total":19.965110199999998,"children":null}}}}}}},"DecideAction":{"count":47672486,"self":9907.208192,"total":9907.2084287999987,"children":null},"AgentAct":{"count":47672486,"self":166.11607039999998,"total":166.4860771,"children":{"AgentInfo.ToProto":{"count":36946,"self":0.1589001,"total":0.3700013,"children":{"GenerateSensorData":{"count":36946,"self":0.2111012,"total":0.2111012,"children":null}}}}},"AgentInfo.ToProto":{"count":3694,"self":0.0184296,"total":0.039689999999999996,"children":{"GenerateSensorData":{"count":3694,"self":0.0212604,"total":0.0212604,"children":null}}}},"gauges":{"Player.CumulativeReward":{"count":40640,"max":5787,"min":-1.20000017,"runningAverage":184.431152,"value":654.8003,"weightedAverage":239.709747}},"metadata":{"timer_format_version":"0.1.0","start_time_seconds":"1745017858","unity_version":"2022.3.45f1","command_line_arguments":"C:\\Unity\\versions\\2022.3.45f1\\Editor\\Unity.exe -projectpath C:\\Users\\Yuval\\Unity Projects\\2048-ml -useHub -hubIPC -cloudEnvironment production -licensingIpc LicenseClient-Yuval -hubSessionId 6deb1591-577b-4c41-a905-bfd79ab72329","communication_protocol_version":"1.5.0","com.unity.ml-agents_version":"2.0.1","scene_name":"2048 ml","end_time_seconds":"1745041579"}}