{"count":1,"self":3713.8882559999997,"total":22797.1350285,"children":{"InitializeActuators":{"count":1,"self":0.0020016,"total":0.0020016,"children":null},"InitializeSensors":{"count":1,"self":0.001001,"total":0.001001,"children":null},"AgentSendState":{"count":30108452,"self":27.8192864,"total":76.76110229999999,"children":{"CollectObservations":{"count":2275434,"self":8.9244032,"total":8.9244034,"children":null},"WriteActionMask":{"count":2275434,"self":2.6780084,"total":2.6780085,"children":null},"RequestDecision":{"count":2275434,"self":9.7985575999999988,"total":37.339404699999996,"children":{"AgentInfo.ToProto":{"count":2275434,"self":9.7274511999999991,"total":27.540847399999997,"children":{"GenerateSensorData":{"count":2275434,"self":17.8133952,"total":17.813396,"children":null}}}}}}},"DecideAction":{"count":30108452,"self":18336.2207744,"total":18336.2210269,"children":null},"AgentAct":{"count":30108452,"self":669.18589439999994,"total":670.25976059999994,"children":{"AgentInfo.ToProto":{"count":113693,"self":0.35922099999999996,"total":1.073848,"children":{"GenerateSensorData":{"count":113693,"self":0.714627,"total":0.714627,"children":null}}}}},"AgentInfo.ToProto":{"count":68,"self":0.0010029,"total":0.0010155,"children":{"GenerateSensorData":{"count":68,"self":1.26E-05,"total":1.26E-05,"children":null}}}},"gauges":{"Player.CumulativeReward":{"count":113761,"max":406,"min":-997,"runningAverage":-228.128677,"value":-120,"weightedAverage":-219.371887}},"metadata":{"timer_format_version":"0.1.0","start_time_seconds":"1743370520","unity_version":"2022.3.45f1","command_line_arguments":"C:\\Unity\\versions\\2022.3.45f1\\Editor\\Unity.exe -projectpath C:\\Users\\Yuval\\Unity Projects\\2048-ml -useHub -hubIPC -cloudEnvironment production -licensingIpc LicenseClient-Yuval -hubSessionId 57eec9b6-f16e-469d-8319-279dd030e35f","communication_protocol_version":"1.5.0","com.unity.ml-agents_version":"2.0.1","scene_name":"2048","end_time_seconds":"1743393317"}}