{"count":1,"self":8471.7387776,"total":23845.9054525,"children":{"InitializeActuators":{"count":1,"self":0.00066599999999999993,"total":0.00066599999999999993,"children":null},"InitializeSensors":{"count":1,"self":0.0019963,"total":0.0019963,"children":null},"AgentSendState":{"count":69983771,"self":46.849503999999996,"total":102.1369055,"children":{"CollectObservations":{"count":2099513,"self":10.4100216,"total":10.4100214,"children":null},"WriteActionMask":{"count":2099513,"self":2.4592532,"total":2.4592533,"children":null},"RequestDecision":{"count":2099513,"self":10.446479199999999,"total":42.4181253,"children":{"AgentInfo.ToProto":{"count":2099513,"self":11.947864,"total":31.971645799999997,"children":{"GenerateSensorData":{"count":2099513,"self":20.0237808,"total":20.0237814,"children":null}}}}}}},"DecideAction":{"count":69983771,"self":15115.8358016,"total":15115.8359456,"children":null},"AgentAct":{"count":69983771,"self":155.9714688,"total":155.97147049999998,"children":null},"AgentInfo.ToProto":{"count":16991,"self":0.092540299999999992,"total":0.2185413,"children":{"GenerateSensorData":{"count":16991,"self":0.126001,"total":0.126001,"children":null}}}},"gauges":{"Player.CumulativeReward":{"count":16991,"max":1226,"min":-868,"runningAverage":-541.2125,"value":-771,"weightedAverage":-690.119141}},"metadata":{"timer_format_version":"0.1.0","start_time_seconds":"1743629752","unity_version":"2022.3.45f1","command_line_arguments":"C:\\Unity\\versions\\2022.3.45f1\\Editor\\Unity.exe -projectpath C:\\Users\\Yuval\\Unity Projects\\2048-ml -useHub -hubIPC -cloudEnvironment production -licensingIpc LicenseClient-Yuval -hubSessionId d6701d2d-dcd8-418c-a84b-de74a2a333ea","communication_protocol_version":"1.5.0","com.unity.ml-agents_version":"2.0.1","scene_name":"2048","end_time_seconds":"1743653598"}}