{"count":1,"self":16850.055987199998,"total":39542.8718727,"children":{"InitializeActuators":{"count":1,"self":0.0009987,"total":0.0009987,"children":null},"InitializeSensors":{"count":1,"self":0.0009994,"total":0.0009994,"children":null},"AgentSendState":{"count":133972674,"self":86.23344,"total":196.84468819999998,"children":{"CollectObservations":{"count":4019180,"self":30.1843616,"total":30.1843628,"children":null},"WriteActionMask":{"count":4019180,"self":4.7293284,"total":4.7293283,"children":null},"RequestDecision":{"count":4019180,"self":18.6669776,"total":75.6975554,"children":{"AgentInfo.ToProto":{"count":4019180,"self":21.093726399999998,"total":57.030577699999995,"children":{"GenerateSensorData":{"count":4019180,"self":35.9368512,"total":35.9368506,"children":null}}}}}}},"DecideAction":{"count":133972674,"self":22198.889676799998,"total":22198.889891799998,"children":null},"AgentAct":{"count":133972674,"self":296.4609536,"total":296.4609518,"children":null},"AgentInfo.ToProto":{"count":40193,"self":0.2496031,"total":0.6176763,"children":{"GenerateSensorData":{"count":40193,"self":0.3680732,"total":0.3680732,"children":null}}}},"gauges":{"Player.CumulativeReward":{"count":40193,"max":688,"min":-1011,"runningAverage":-724.3368,"value":-814,"weightedAverage":-713.0539}},"metadata":{"timer_format_version":"0.1.0","start_time_seconds":"1744059755","unity_version":"2022.3.45f1","command_line_arguments":"C:\\Unity\\versions\\2022.3.45f1\\Editor\\Unity.exe -projectpath C:\\Users\\Yuval\\Unity Projects\\2048-ml -useHub -hubIPC -cloudEnvironment production -licensingIpc LicenseClient-Yuval -hubSessionId 52036757-71ce-424e-84cc-7d246aacd740","communication_protocol_version":"1.5.0","com.unity.ml-agents_version":"2.0.1","scene_name":"2048","end_time_seconds":"1744099298"}}