{"count":1,"self":9375.2254464,"total":23384.954309,"children":{"InitializeActuators":{"count":1,"self":0.0010008,"total":0.0010008,"children":null},"InitializeSensors":{"count":1,"self":0.001,"total":0.001,"children":null},"AgentSendState":{"count":69943754,"self":45.615648,"total":106.9619008,"children":{"CollectObservations":{"count":2098313,"self":16.706072,"total":16.7060727,"children":null},"WriteActionMask":{"count":2098313,"self":2.4220408,"total":2.4220408,"children":null},"RequestDecision":{"count":2098313,"self":10.7519032,"total":42.218140299999995,"children":{"AgentInfo.ToProto":{"count":2098313,"self":11.292959999999999,"total":31.4662369,"children":{"GenerateSensorData":{"count":2098313,"self":20.1732768,"total":20.173276599999998,"children":null}}}}}}},"DecideAction":{"count":69943754,"self":13720.2008064,"total":13720.201131,"children":null},"AgentAct":{"count":69943754,"self":182.2947456,"total":182.29475109999998,"children":null},"AgentInfo.ToProto":{"count":21400,"self":0.12212819999999999,"total":0.2693404,"children":{"GenerateSensorData":{"count":21400,"self":0.1472122,"total":0.1472122,"children":null}}}},"gauges":{"Player.CumulativeReward":{"count":21400,"max":-970,"min":-1011,"runningAverage":-994.600037,"value":-994,"weightedAverage":-993.536438}},"metadata":{"timer_format_version":"0.1.0","start_time_seconds":"1743888854","unity_version":"2022.3.45f1","command_line_arguments":"C:\\Unity\\versions\\2022.3.45f1\\Editor\\Unity.exe -projectpath C:\\Users\\Yuval\\Unity Projects\\2048-ml -useHub -hubIPC -cloudEnvironment production -licensingIpc LicenseClient-Yuval -hubSessionId 52036757-71ce-424e-84cc-7d246aacd740","communication_protocol_version":"1.5.0","com.unity.ml-agents_version":"2.0.1","scene_name":"2048","end_time_seconds":"1743912239"}}