{"count":1,"self":27939.7695488,"total":29006.5604212,"children":{"InitializeActuators":{"count":1,"self":0.0009995,"total":0.0009995,"children":null},"InitializeSensors":{"count":1,"self":0.0020031,"total":0.0020031,"children":null},"AgentSendState":{"count":525815711,"self":201.9954304,"total":203.3779184,"children":{"CollectObservations":{"count":41302,"self":0.3337785,"total":0.3337785,"children":null},"WriteActionMask":{"count":41302,"self":0.19858309999999998,"total":0.19858309999999998,"children":null},"RequestDecision":{"count":41302,"self":0.215947,"total":0.85012939999999992,"children":{"AgentInfo.ToProto":{"count":41302,"self":0.27632989999999996,"total":0.63418239999999992,"children":{"GenerateSensorData":{"count":41302,"self":0.35785249999999996,"total":0.35785249999999996,"children":null}}}}}}},"DecideAction":{"count":525815711,"self":707.7470208,"total":707.7470334,"children":null},"AgentAct":{"count":525815711,"self":155.6583296,"total":155.65833229999998,"children":null},"AgentInfo.ToProto":{"count":282,"self":0.001963,"total":0.0039632,"children":{"GenerateSensorData":{"count":282,"self":0.0020001999999999997,"total":0.0020001999999999997,"children":null}}}},"gauges":{"Player.CumulativeReward":{"count":282,"max":2274.79834,"min":189.600067,"runningAverage":796.253,"value":1596.49683,"weightedAverage":1221.66211}},"metadata":{"timer_format_version":"0.1.0","start_time_seconds":"1744243110","unity_version":"2022.3.45f1","command_line_arguments":"C:\\Unity\\versions\\2022.3.45f1\\Editor\\Unity.exe -projectpath C:\\Users\\Yuval\\Unity Projects\\2048-ml -useHub -hubIPC -cloudEnvironment production -licensingIpc LicenseClient-Yuval -hubSessionId 52036757-71ce-424e-84cc-7d246aacd740","communication_protocol_version":"1.5.0","com.unity.ml-agents_version":"2.0.1","scene_name":"2048","end_time_seconds":"1744272116"}}