{"count":1,"self":16083.755008,"total":37802.7613326,"children":{"InitializeActuators":{"count":1,"self":0.0009996,"total":0.0009996,"children":null},"InitializeSensors":{"count":1,"self":0.0005085,"total":0.0005085,"children":null},"AgentSendState":{"count":138517774,"self":107.75260159999999,"total":211.23272849999998,"children":{"CollectObservations":{"count":4155533,"self":28.042809599999998,"total":28.042811099999998,"children":null},"WriteActionMask":{"count":4155533,"self":4.0649571999999994,"total":4.0649573,"children":null},"RequestDecision":{"count":4155533,"self":17.7637792,"total":71.372354399999992,"children":{"AgentInfo.ToProto":{"count":4155533,"self":19.5597632,"total":53.608574499999996,"children":{"GenerateSensorData":{"count":4155533,"self":34.0488128,"total":34.048812,"children":null}}}}}}},"DecideAction":{"count":138517774,"self":21121.2222464,"total":21121.2221569,"children":null},"AgentAct":{"count":138517774,"self":386.2795776,"total":386.2795662,"children":null},"AgentInfo.ToProto":{"count":17762,"self":0.1176903,"total":0.26826099999999997,"children":{"GenerateSensorData":{"count":17762,"self":0.1505707,"total":0.1505707,"children":null}}}},"gauges":{"Player.CumulativeReward":{"count":17762,"max":1364,"min":-963,"runningAverage":-257.2118,"value":-407,"weightedAverage":-162.794128}},"metadata":{"timer_format_version":"0.1.0","start_time_seconds":"1743960327","unity_version":"2022.3.45f1","command_line_arguments":"C:\\Unity\\versions\\2022.3.45f1\\Editor\\Unity.exe -projectpath C:\\Users\\Yuval\\Unity Projects\\2048-ml -useHub -hubIPC -cloudEnvironment production -licensingIpc LicenseClient-Yuval -hubSessionId 52036757-71ce-424e-84cc-7d246aacd740","communication_protocol_version":"1.5.0","com.unity.ml-agents_version":"2.0.1","scene_name":"2048","end_time_seconds":"1743998129"}}