{
    "name": "root",
    "metadata": {
        "timer_format_version": "0.1.0",
        "start_time_seconds": "1742682133",
        "python_version": "3.10.11 (tags/v3.10.11:7d4cc5a, Apr  5 2023, 00:38:17) [MSC v.1929 64 bit (AMD64)]",
        "command_line_arguments": "C:\\Users\\Yuval\\Unity Projects\\2048-ml\\venv\\Scripts\\mlagents-learn --run-id=run10",
        "mlagents_version": "1.1.0",
        "mlagents_envs_version": "1.1.0",
        "communication_protocol_version": "1.5.0",
        "pytorch_version": "2.2.2+cu121",
        "numpy_version": "1.23.5",
        "end_time_seconds": "1742682165"
    },
    "total": 32.207368100003805,
    "count": 1,
    "self": 0.004947699999320321,
    "children": {
        "run_training.setup": {
            "total": 0.021394700001110323,
            "count": 1,
            "self": 0.021394700001110323
        },
        "TrainerController.start_learning": {
            "total": 32.181025700003374,
            "count": 1,
            "self": 0.021463999968545977,
            "children": {
                "TrainerController._reset_env": {
                    "total": 10.150441099998716,
                    "count": 1,
                    "self": 10.150441099998716
                },
                "TrainerController.advance": {
                    "total": 21.868450900037715,
                    "count": 1093,
                    "self": 0.021403399856353644,
                    "children": {
                        "env_step": {
                            "total": 21.72092910007632,
                            "count": 1093,
                            "self": 18.443764600044233,
                            "children": {
                                "SubprocessEnvManager._take_step": {
                                    "total": 3.263395500041952,
                                    "count": 1093,
                                    "self": 0.052706900030898396,
                                    "children": {
                                        "TorchPolicy.evaluate": {
                                            "total": 3.2106886000110535,
                                            "count": 1093,
                                            "self": 3.2106886000110535
                                        }
                                    }
                                },
                                "workers": {
                                    "total": 0.013768999990134034,
                                    "count": 1092,
                                    "self": 0.0,
                                    "children": {
                                        "worker_root": {
                                            "total": 17.50328170003195,
                                            "count": 1092,
                                            "is_parallel": true,
                                            "self": 5.485637799858523,
                                            "children": {
                                                "steps_from_proto": {
                                                    "total": 0.0004334999975981191,
                                                    "count": 1,
                                                    "is_parallel": true,
                                                    "self": 0.00025069998810067773,
                                                    "children": {
                                                        "_process_rank_one_or_two_observation": {
                                                            "total": 0.00018280000949744135,
                                                            "count": 2,
                                                            "is_parallel": true,
                                                            "self": 0.00018280000949744135
                                                        }
                                                    }
                                                },
                                                "UnityEnvironment.step": {
                                                    "total": 12.017210400175827,
                                                    "count": 1092,
                                                    "is_parallel": true,
                                                    "self": 0.08160409996344242,
                                                    "children": {
                                                        "UnityEnvironment._generate_step_input": {
                                                            "total": 0.06781159996171482,
                                                            "count": 1092,
                                                            "is_parallel": true,
                                                            "self": 0.06781159996171482
                                                        },
                                                        "communicator.exchange": {
                                                            "total": 11.618988600122975,
                                                            "count": 1092,
                                                            "is_parallel": true,
                                                            "self": 11.618988600122975
                                                        },
                                                        "steps_from_proto": {
                                                            "total": 0.24880610012769466,
                                                            "count": 1092,
                                                            "is_parallel": true,
                                                            "self": 0.1419104000015068,
                                                            "children": {
                                                                "_process_rank_one_or_two_observation": {
                                                                    "total": 0.10689570012618788,
                                                                    "count": 2184,
                                                                    "is_parallel": true,
                                                                    "self": 0.10689570012618788
                                                                }
                                                            }
                                                        }
                                                    }
                                                }
                                            }
                                        }
                                    }
                                }
                            }
                        },
                        "trainer_advance": {
                            "total": 0.12611840010504238,
                            "count": 1092,
                            "self": 0.02682250021462096,
                            "children": {
                                "process_trajectory": {
                                    "total": 0.09929589989042142,
                                    "count": 1092,
                                    "self": 0.09929589989042142
                                }
                            }
                        }
                    }
                },
                "trainer_threads": {
                    "total": 1.1999945854768157e-06,
                    "count": 1,
                    "self": 1.1999945854768157e-06
                },
                "TrainerController._save_models": {
                    "total": 0.14066850000381237,
                    "count": 1,
                    "self": 0.01628290000371635,