{
    "name": "root",
    "gauges": {
        "Player.Policy.Entropy.mean": {
            "value": 1.455501675605774,
            "min": 1.4189382791519165,
            "max": 1.455501675605774,
            "count": 17
        },
        "Player.Policy.Entropy.sum": {
            "value": 14635.0693359375,
            "min": 14084.3818359375,
            "max": 14635.0693359375,
            "count": 17
        },
        "Player.Environment.EpisodeLength.mean": {
            "value": 87.98230088495575,
            "min": 83.37288135593221,
            "max": 145.8955223880597,
            "count": 17
        },
        "Player.Environment.EpisodeLength.sum": {
            "value": 9942.0,
            "min": 9730.0,
            "max": 10048.0,
            "count": 17
        },
        "Player.Step.mean": {
            "value": 169981.0,
            "min": 9924.0,
            "max": 169981.0,
            "count": 17
        },
        "Player.Step.sum": {
            "value": 169981.0,
            "min": 9924.0,
            "max": 169981.0,
            "count": 17
        },
        "Player.Policy.ExtrinsicValueEstimate.mean": {
            "value": -41573408.0,
            "min": -290561856.0,
            "max": -41059784.0,
            "count": 17
        },
        "Player.Policy.ExtrinsicValueEstimate.sum": {
            "value": -5196676096.0,
            "min": -33705177088.0,
            "max": -5196676096.0,
            "count": 17
        },
        "Player.Environment.CumulativeReward.mean": {
            "value": 164.1946902654867,
            "min": 150.63025210084032,
            "max": 337.54411764705884,
            "count": 17
        },
        "Player.Environment.CumulativeReward.sum": {
            "value": 18554.0,
            "min": 17925.0,
            "max": 22953.0,
            "count": 17
        },
        "Player.Policy.ExtrinsicReward.mean": {
            "value": 164.1946902654867,
            "min": 150.63025210084032,
            "max": 337.54411764705884,
            "count": 17
        },
        "Player.Policy.ExtrinsicReward.sum": {
            "value": 18554.0,
            "min": 17925.0,
            "max": 22953.0,
            "count": 17
        },
        "Player.IsTraining.mean": {
            "value": 1.0,
            "min": 1.0,
            "max": 1.0,
            "count": 17
        },
        "Player.IsTraining.sum": {
            "value": 1.0,
            "min": 1.0,
            "max": 1.0,
            "count": 17
        },
        "Player.Losses.PolicyLoss.mean": {
            "value": 0.37896555555172456,
            "min": 0.37300560352129813,
            "max": 0.37896555555172456,
            "count": 3
        },
        "Player.Losses.PolicyLoss.sum": {
            "value": 0.37896555555172456,
            "min": 0.37300560352129813,
            "max": 0.37896555555172456,
            "count": 3
        },
        "Player.Losses.ValueLoss.mean": {
            "value": 541155475228136.4,
            "min": 541155475228136.4,
            "max": 9003791517560979.0,
            "count": 3
        },
        "Player.Losses.ValueLoss.sum": {
            "value": 541155475228136.4,
            "min": 541155475228136.4,
            "max": 9003791517560979.0,
            "count": 3
        },
        "Player.Policy.LearningRate.mean": {
            "value": 0.00014774887650075,
            "min": 0.00014774887650075,
            "max": 0.00014924988050007995,
            "count": 3
        },
        "Player.Policy.LearningRate.sum": {
            "value": 0.00014774887650075,
            "min": 0.00014774887650075,
            "max": 0.00014924988050007995,
            "count": 3
        },
        "Player.Policy.Epsilon.mean": {
            "value": 0.1,
            "min": 0.1,
            "max": 0.1,
            "count": 3
        },
        "Player.Policy.Epsilon.sum": {
            "value": 0.1,
            "min": 0.1,
            "max": 0.1,
            "count": 3
        },
        "Player.Policy.Beta.mean": {
            "value": 0.00010000000000000002,
            "min": 0.00010000000000000002,
            "max": 0.00010000000000000002,
            "count": 3
        },
        "Player.Policy.Beta.sum": {
            "value": 0.00010000000000000002,
            "min": 0.00010000000000000002,
            "max": 0.00010000000000000002,
            "count": 3
        }
    },
    "metadata": {
        "timer_format_version": "0.1.0",
        "start_time_seconds": "1744206737",
        "python_version": "3.10.11 (tags/v3.10.11:7d4cc5a, Apr  5 2023, 00:38:17) [MSC v.1929 64 bit (AMD64)]",
        "command_line_arguments": "C:\\Users\\Yuval\\Unity Projects\\2048-ml\\venv\\Scripts\\mlagents-learn config\\Player.yaml --run-id=run51 --force",
        "mlagents_version": "1.1.0",
        "mlagents_envs_version": "1.1.0",
        "communication_protocol_version": "1.5.0",
        "pytorch_version": "2.2.2+cu121",
        "numpy_version": "1.23.5",
        "end_time_seconds": "1744208638"
    },
    "total": 1901.0483569999924,
    "count": 1,
    "self": 0.0044646000023931265,
    "children": {
        "run_training.setup": {
            "total": 0.07573079998837784,
            "count": 1,
            "self": 0.07573079998837784
        },
        "TrainerController.start_learning": {
            "total": 1900.9681616000016,
            "count": 1,
            "self": 3.9299590076552704,
            "children": {
                "TrainerController._reset_env": {
                    "total": 7.270234399999026,
                    "count": 1,
                    "self": 7.270234399999026
                },
                "TrainerController.advance": {
                    "total": 1889.6143240923411,
                    "count": 173736,
                    "self": 3.806102698901668,
                    "children": {
                        "env_step": {
                            "total": 1818.7225324017927,
                            "count": 173736,
                            "self": 1390.3121349643916,
                            "children": {
                                "SubprocessEnvManager._take_step": {
                                    "total": 425.86524231982185,
                                    "count": 173736,
                                    "self": 12.37096313200891,
                                    "children": {
                                        "TorchPolicy.evaluate": {
                                            "total": 413.49427918781294,
                                            "count": 173736,
                                            "self": 413.49427918781294
                                        }
                                    }
                                },
                                "workers": {
                                    "total": 2.54515511757927,
                                    "count": 173735,
                                    "self": 0.0,
                                    "children": {
                                        "worker_root": {
                                            "total": 1861.9852713121218,
                                            "count": 173735,
                                            "is_parallel": true,
                                            "self": 678.0166146198171,
                                            "children": {
                                                "steps_from_proto": {
                                                    "total": 0.00030369998421519995,
                                                    "count": 1,
                                                    "is_parallel": true,
                                                    "self": 0.00010599993402138352,