{
    "name": "root",
    "gauges": {
        "Player.Policy.Entropy.mean": {
            "value": 1.3872019052505493,
            "min": 1.3872019052505493,
            "max": 1.4189382791519165,
            "count": 20
        },
        "Player.Policy.Entropy.sum": {
            "value": 13899.763671875,
            "min": 13801.271484375,
            "max": 14338.37109375,
            "count": 20
        },
        "Player.Environment.EpisodeLength.mean": {
            "value": 87.24347826086957,
            "min": 85.87068965517241,
            "max": 142.63768115942028,
            "count": 20
        },
        "Player.Environment.EpisodeLength.sum": {
            "value": 10033.0,
            "min": 9761.0,
            "max": 10127.0,
            "count": 20
        },
        "Player.Step.mean": {
            "value": 199963.0,
            "min": 9909.0,
            "max": 199963.0,
            "count": 20
        },
        "Player.Step.sum": {
            "value": 199963.0,
            "min": 9909.0,
            "max": 199963.0,
            "count": 20
        },
        "Player.Policy.ExtrinsicValueEstimate.mean": {
            "value": 34885624.0,
            "min": 33672408.0,
            "max": 117416896.0,
            "count": 20
        },
        "Player.Policy.ExtrinsicValueEstimate.sum": {
            "value": 4430474240.0,
            "min": 4108033536.0,
            "max": 13737777152.0,
            "count": 20
        },
        "Player.Environment.CumulativeReward.mean": {
            "value": 61.95614035087719,
            "min": 58.07826086956522,
            "max": 230.0144927536232,
            "count": 20
        },
        "Player.Environment.CumulativeReward.sum": {
            "value": 7063.0,
            "min": 6679.0,
            "max": 15871.0,
            "count": 20
        },
        "Player.Policy.ExtrinsicReward.mean": {
            "value": 61.95614035087719,
            "min": 58.07826086956522,
            "max": 230.0144927536232,
            "count": 20
        },
        "Player.Policy.ExtrinsicReward.sum": {
            "value": 7063.0,
            "min": 6679.0,
            "max": 15871.0,
            "count": 20
        },
        "Player.IsTraining.mean": {
            "value": 1.0,
            "min": 1.0,
            "max": 1.0,
            "count": 20
        },
        "Player.IsTraining.sum": {
            "value": 1.0,
            "min": 1.0,
            "max": 1.0,
            "count": 20
        },
        "Player.Losses.PolicyLoss.mean": {
            "value": 0.09006285332083606,
            "min": 0.09006285332083606,
            "max": 0.3413005682329337,
            "count": 3
        },
        "Player.Losses.PolicyLoss.sum": {
            "value": 0.09006285332083606,
            "min": 0.09006285332083606,
            "max": 0.3413005682329337,
            "count": 3
        },
        "Player.Losses.ValueLoss.mean": {
            "value": 288352649544688.25,
            "min": 288352649544688.25,
            "max": 7661784816592234.0,
            "count": 3
        },
        "Player.Losses.ValueLoss.sum": {
            "value": 288352649544688.25,
            "min": 288352649544688.25,
            "max": 7661784816592234.0,
            "count": 3
        },
        "Player.Policy.LearningRate.mean": {
            "value": 0.00010000000000000002,
            "min": 0.00010000000000000002,
            "max": 0.00010000000000000002,
            "count": 3
        },
        "Player.Policy.LearningRate.sum": {
            "value": 0.00010000000000000002,
            "min": 0.00010000000000000002,
            "max": 0.00010000000000000002,
            "count": 3
        },
        "Player.Policy.Epsilon.mean": {
            "value": 0.1,
            "min": 0.1,
            "max": 0.1,
            "count": 3
        },
        "Player.Policy.Epsilon.sum": {
            "value": 0.1,
            "min": 0.1,
            "max": 0.1,
            "count": 3
        },
        "Player.Policy.Beta.mean": {
            "value": 0.00010000000000000002,
            "min": 0.00010000000000000002,
            "max": 0.00010000000000000002,
            "count": 3
        },
        "Player.Policy.Beta.sum": {
            "value": 0.00010000000000000002,
            "min": 0.00010000000000000002,
            "max": 0.00010000000000000002,
            "count": 3
        }
    },
    "metadata": {
        "timer_format_version": "0.1.0",
        "start_time_seconds": "1744215871",
        "python_version": "3.10.11 (tags/v3.10.11:7d4cc5a, Apr  5 2023, 00:38:17) [MSC v.1929 64 bit (AMD64)]",
        "command_line_arguments": "C:\\Users\\Yuval\\Unity Projects\\2048-ml\\venv\\Scripts\\mlagents-learn config\\Player.yaml --run-id=run53",
        "mlagents_version": "1.1.0",
        "mlagents_envs_version": "1.1.0",
        "communication_protocol_version": "1.5.0",
        "pytorch_version": "2.2.2+cu121",
        "numpy_version": "1.23.5",
        "end_time_seconds": "1744217704"
    },
    "total": 1832.3253039999981,
    "count": 1,
    "self": 0.004491200030315667,
    "children": {
        "run_training.setup": {
            "total": 0.07657029997790232,
            "count": 1,
            "self": 0.07657029997790232
        },
        "TrainerController.start_learning": {
            "total": 1832.24424249999,
            "count": 1,
            "self": 3.87847722240258,
            "children": {
                "TrainerController._reset_env": {
                    "total": 7.272337499947753,
                    "count": 1,
                    "self": 7.272337499947753
                },
                "TrainerController.advance": {
                    "total": 1820.9420629776432,
                    "count": 205226,
                    "self": 3.1704316907562315,
                    "children": {
                        "env_step": {
                            "total": 1737.7212453831453,
                            "count": 205226,
                            "self": 1256.6238422762835,
                            "children": {
                                "SubprocessEnvManager._take_step": {
                                    "total": 478.46172370779095,
                                    "count": 205226,
                                    "self": 10.75930929929018,
                                    "children": {
                                        "TorchPolicy.evaluate": {
                                            "total": 467.7024144085008,
                                            "count": 205226,
                                            "self": 467.7024144085008
                                        }
                                    }
                                },
                                "workers": {
                                    "total": 2.6356793990707956,
                                    "count": 205225,
                                    "self": 0.0,
                                    "children": {
                                        "worker_root": {
                                            "total": 1816.9946803114144,
                                            "count": 205225,
                                            "is_parallel": true,
                                            "self": 732.1472733165137,
                                            "children": {
                                                "steps_from_proto": {
                                                    "total": 0.0002873000339604914,
                                                    "count": 1,
                                                    "is_parallel": true,
                                                    "self": 0.00010659999679774046,