{
    "name": "root",
    "metadata": {
        "timer_format_version": "0.1.0",
        "start_time_seconds": "1743956298",
        "python_version": "3.10.11 (tags/v3.10.11:7d4cc5a, Apr  5 2023, 00:38:17) [MSC v.1929 64 bit (AMD64)]",
        "command_line_arguments": "C:\\Users\\Yuval\\Unity Projects\\2048-ml\\venv\\Scripts\\mlagents-learn config\\Player.yaml --run-id=run35",
        "mlagents_version": "1.1.0",
        "mlagents_envs_version": "1.1.0",
        "communication_protocol_version": "1.5.0",
        "pytorch_version": "2.2.2+cu121",
        "numpy_version": "1.23.5",
        "end_time_seconds": "1743956400"
    },
    "total": 102.1714098000084,
    "count": 1,
    "self": 0.004442199977347627,
    "children": {
        "run_training.setup": {
            "total": 0.07790080000995658,
            "count": 1,
            "self": 0.07790080000995658
        },
        "TrainerController.start_learning": {
            "total": 102.0890668000211,
            "count": 1,
            "self": 0.05859230103669688,
            "children": {
                "TrainerController._reset_env": {
                    "total": 7.848050400003558,
                    "count": 1,
                    "self": 7.848050400003558
                },
                "TrainerController.advance": {
                    "total": 94.02427989896387,
                    "count": 3043,
                    "self": 0.048269400489516556,
                    "children": {
                        "env_step": {
                            "total": 90.26172089902684,
                            "count": 3043,
                            "self": 84.40122559884912,
                            "children": {
                                "SubprocessEnvManager._take_step": {
                                    "total": 5.822515899577411,
                                    "count": 3043,
                                    "self": 0.16855330017278902,
                                    "children": {
                                        "TorchPolicy.evaluate": {
                                            "total": 5.653962599404622,
                                            "count": 3043,
                                            "self": 5.653962599404622
                                        }
                                    }
                                },
                                "workers": {
                                    "total": 0.03797940060030669,
                                    "count": 3042,
                                    "self": 0.0,
                                    "children": {
                                        "worker_root": {
                                            "total": 32.299401599681005,
                                            "count": 3042,
                                            "is_parallel": true,
                                            "self": 13.261034999304684,
                                            "children": {
                                                "steps_from_proto": {
                                                    "total": 0.00033320000511594117,
                                                    "count": 1,
                                                    "is_parallel": true,
                                                    "self": 0.00012650000280700624,
                                                    "children": {
                                                        "_process_rank_one_or_two_observation": {
                                                            "total": 0.00020670000230893493,
                                                            "count": 2,
                                                            "is_parallel": true,
                                                            "self": 0.00020670000230893493
                                                        }
                                                    }
                                                },
                                                "UnityEnvironment.step": {
                                                    "total": 19.038033400371205,
                                                    "count": 3042,
                                                    "is_parallel": true,
                                                    "self": 0.22685979833477177,
                                                    "children": {
                                                        "UnityEnvironment._generate_step_input": {
                                                            "total": 0.18460800082539208,
                                                            "count": 3042,
                                                            "is_parallel": true,
                                                            "self": 0.18460800082539208
                                                        },
                                                        "communicator.exchange": {
                                                            "total": 18.08053430050495,
                                                            "count": 3042,
                                                            "is_parallel": true,
                                                            "self": 18.08053430050495
                                                        },
                                                        "steps_from_proto": {
                                                            "total": 0.5460313007060904,
                                                            "count": 3042,
                                                            "is_parallel": true,
                                                            "self": 0.22025470275548287,
                                                            "children": {
                                                                "_process_rank_one_or_two_observation": {
                                                                    "total": 0.32577659795060754,
                                                                    "count": 6084,
                                                                    "is_parallel": true,
                                                                    "self": 0.32577659795060754
                                                                }
                                                            }
                                                        }
                                                    }
                                                }
                                            }
                                        }
                                    }
                                }
                            }
                        },
                        "trainer_advance": {
                            "total": 3.714289599447511,
                            "count": 3042,
                            "self": 0.08081459949607961,
                            "children": {
                                "process_trajectory": {
                                    "total": 0.24882359994808212,
                                    "count": 3042,
                                    "self": 0.24882359994808212
                                },
                                "_update_policy": {
                                    "total": 3.3846514000033494,
                                    "count": 22,
                                    "self": 0.3954295000585262,
                                    "children": {
                                        "TorchPPOOptimizer.update": {
                                            "total": 2.9892218999448232,
                                            "count": 305,